分组方案,组别,BMI区间下限,BMI区间上限,检测孕周天数,检测孕周_周加天,题面风险等级,预计已达标比例,预计尚未达标比例,是否帕累托非支配点,是否题面边界点
主分组K=1,1,20.703125,46.875,84,12周0天,早期发现（12周以内，题面称风险较低）,0.6587346331488306,0.34126536685116937,1,1
主分组K=1,1,20.703125,46.875,91,13周0天,中期发现（13至27周，题面称风险高）,0.725267774234019,0.274732225765981,1,1
主分组K=1,1,20.703125,46.875,175,25周0天,中期发现（13至27周，题面称风险高）,0.971489264225955,0.02851073577404495,1,1
固定两组敏感性,1,20.703125,36.999319045,84,12周0天,早期发现（12周以内，题面称风险较低）,0.6710952734551722,0.32890472654482783,1,1
固定两组敏感性,1,20.703125,36.999319045,91,13周0天,中期发现（13至27周，题面称风险高）,0.7361836949156519,0.26381630508434806,1,1
固定两组敏感性,1,20.703125,36.999319045,175,25周0天,中期发现（13至27周，题面称风险高）,0.9729864641487725,0.027013535851227455,1,1
固定两组敏感性,2,36.999319045,46.875,84,12周0天,早期发现（12周以内，题面称风险较低）,0.33582045952862244,0.6641795404713775,1,1
固定两组敏感性,2,36.999319045,46.875,91,13周0天,中期发现（13至27周，题面称风险高）,0.4088087324882435,0.5911912675117565,1,1
固定两组敏感性,2,36.999319045,46.875,175,25周0天,中期发现（13至27周，题面称风险高）,0.8992494922505586,0.10075050774944139,1,1
