复核类型,请求前缀次数,有效次数,统计量,中位数,2.5%分位,97.5%分位
检测误差传播,100,100,抽样技术误差标准差,0.004772188210749722,0.003644754434906182,0.0069345739370053755
检测误差传播,100,100,达标事件数,485.0,474.95,491.525
检测误差传播,100,100,一组方案BIC,210.3555098290755,204.66252004976428,216.4892951562148
检测误差传播,100,100,两组方案BIC,215.786559565479,209.23608451452478,222.0742903676182
检测误差传播,100,100,BIC两组挑战胜出标志,0.0,0.0,0.0
检测误差传播,100,100,两组切点,36.43617476,29.716817785,36.999319045
检测误差传播,100,100,两组低BMI组人数,151.0,44.0,153.0
检测误差传播,100,100,两组高BMI组人数,16.0,14.0,123.0
检测误差传播,100,100,固定效应_孕周标准化,0.34927393427145376,0.33731806826481003,0.36458596035783286
检测误差传播,100,100,固定效应_首次BMI标准化,-0.12563870836483176,-0.1500443240416866,-0.10805274453848257
检测误差传播,100,100,固定效应_首次年龄标准化,-0.08575651349950321,-0.10199994207158417,-0.07543963209890868
检测误差传播,100,100,固定效应_首次身高标准化,-0.04330373749468762,-0.057828706825698156,-0.028233719235424816
检测误差传播,100,100,固定效应_首次生产次数,0.18247563585005427,0.1689526930045996,0.20264302938194131
检测误差传播,100,100,一组第1组_12周0天已达标比例,0.6244882555958633,0.6001877178723731,0.6450895250047176
检测误差传播,100,100,一组第1组_13周0天已达标比例,0.6594030985468503,0.6369191216767833,0.6800747794342487
检测误差传播,100,100,一组第1组_25周0天已达标比例,0.920515616808529,0.904678168710557,0.9296877960442511
检测误差传播,100,100,两组第1组_12周0天已达标比例,0.6591257082917509,0.6303463940868355,0.7512385849831328
检测误差传播,100,100,两组第1组_13周0天已达标比例,0.6923982165674639,0.6665765838149115,0.7820216558138745
检测误差传播,100,100,两组第1组_25周0天已达标比例,0.9330529814578067,0.9182043743302343,0.9570605371128497
检测误差传播,100,100,两组第2组_12周0天已达标比例,0.38449013156015893,0.3221501877219603,0.5877336157581633
检测误差传播,100,100,两组第2组_13周0天已达标比例,0.4159767292878571,0.35162559677397787,0.6232065504790265
检测误差传播,100,100,两组第2组_25周0天已达标比例,0.7902414314141234,0.735804458093063,0.9092656568802284
检测误差传播,200,200,抽样技术误差标准差,0.004765503661114475,0.0035902526774033777,0.0070164515933784895
检测误差传播,200,200,达标事件数,484.0,476.0,492.05
检测误差传播,200,200,一组方案BIC,210.3903689644306,204.2051092415421,216.7379209057816
检测误差传播,200,200,两组方案BIC,215.75002850606876,209.3980395337148,222.62427249230254
检测误差传播,200,200,BIC两组挑战胜出标志,0.0,0.0,0.0
检测误差传播,200,200,两组切点,36.43617476,29.716817785,36.999319045
检测误差传播,200,200,两组低BMI组人数,151.0,44.0,153.0
检测误差传播,200,200,两组高BMI组人数,16.0,14.0,123.0
检测误差传播,200,200,固定效应_孕周标准化,0.3510075280288588,0.3368770781295101,0.37095003320029957
检测误差传播,200,200,固定效应_首次BMI标准化,-0.12641162128591527,-0.1466316368311552,-0.10518877600540567
检测误差传播,200,200,固定效应_首次年龄标准化,-0.08569175352410459,-0.09986644466010461,-0.075249740093421
检测误差传播,200,200,固定效应_首次身高标准化,-0.043190009261343795,-0.05791264418468568,-0.02966325235055818
检测误差传播,200,200,固定效应_首次生产次数,0.18274716088379983,0.1676054775660527,0.2012222586093313
检测误差传播,200,200,一组第1组_12周0天已达标比例,0.6234107132177684,0.5964677923374873,0.6443638132269988
检测误差传播,200,200,一组第1组_13周0天已达标比例,0.6588608138007686,0.6340088943695844,0.6791960044687996
检测误差传播,200,200,一组第1组_25周0天已达标比例,0.9203615794692918,0.9061825118287481,0.9305668066330008
检测误差传播,200,200,两组第1组_12周0天已达标比例,0.6577753891425728,0.6290644750784427,0.7613005613533165
检测误差传播,200,200,两组第1组_13周0天已达标比例,0.6921463409161746,0.6650790441906469,0.7925058859628987
检测误差传播,200,200,两组第1组_25周0天已达标比例,0.9331827739590517,0.9196805190409849,0.9708969633375228
检测误差传播,200,200,两组第2组_12周0天已达标比例,0.39600474174214073,0.3187080546057718,0.5864504933548634
检测误差传播,200,200,两组第2组_13周0天已达标比例,0.4274295528356456,0.34967282904015634,0.6223804875959702
检测误差传播,200,200,两组第2组_25周0天已达标比例,0.8010529400971242,0.7394543093273431,0.9088513490238164
检测误差传播,400,400,抽样技术误差标准差,0.00486626997872765,0.0035908166884356346,0.007076013777643993
检测误差传播,400,400,达标事件数,485.0,475.0,493.025
检测误差传播,400,400,一组方案BIC,210.3060168660882,204.59708387331847,216.46680476149848
检测误差传播,400,400,两组方案BIC,215.5945670608189,209.40737182704507,222.18512305908192
检测误差传播,400,400,BIC两组挑战胜出标志,0.0,0.0,0.0
检测误差传播,400,400,两组切点,36.43617476,29.716817785,36.999319045
检测误差传播,400,400,两组低BMI组人数,151.0,44.0,153.0
检测误差传播,400,400,两组高BMI组人数,16.0,14.0,123.0
检测误差传播,400,400,固定效应_孕周标准化,0.3508696770467523,0.33565383084130934,0.37040061127684776
检测误差传播,400,400,固定效应_首次BMI标准化,-0.12628253872356218,-0.14514366848284804,-0.10936892781454491
检测误差传播,400,400,固定效应_首次年龄标准化,-0.08596467405257516,-0.10066506869424649,-0.07474248937011456
检测误差传播,400,400,固定效应_首次身高标准化,-0.043554474608599125,-0.058929083784271634,-0.028900648371899807
检测误差传播,400,400,固定效应_首次生产次数,0.1827003728797282,0.16763868307524185,0.19822921260832074
检测误差传播,400,400,一组第1组_12周0天已达标比例,0.6242063190890621,0.5977697258343051,0.6454191119610249
检测误差传播,400,400,一组第1组_13周0天已达标比例,0.6595862497960412,0.6347021128746171,0.6803244684478399
检测误差传播,400,400,一组第1组_25周0天已达标比例,0.920529148671787,0.906431452929619,0.9324943893391646
检测误差传播,400,400,两组第1组_12周0天已达标比例,0.6579862417805584,0.6284830610897785,0.7530916012254237
检测误差传播,400,400,两组第1组_13周0天已达标比例,0.6924040774839664,0.6650790441906469,0.7830822924083184
检测误差传播,400,400,两组第1组_25周0天已达标比例,0.933002102813515,0.9196858699604152,0.9708969633375228
检测误差传播,400,400,两组第2组_12周0天已达标比例,0.3960179827085277,0.31795168808209034,0.5863884700035449
检测误差传播,400,400,两组第2组_13周0天已达标比例,0.4290390957714228,0.3457019290221474,0.6223710471874161
检测误差传播,400,400,两组第2组_25周0天已达标比例,0.7995546652618364,0.7392933069211568,0.9088502561018349
