自助序号,剪枝树减逻辑回归_PR曲线下面积差,剪枝树减逻辑回归_ROC曲线下面积差,剪枝树减逻辑回归_对数损失差
1,-0.3338170524299999,-0.4518665366030532,0.08257669887748692
2,-0.2101719963991288,-0.36440889554443745,0.03732552663143818
3,-0.2766854365422795,-0.30687955958979396,0.04119080567725619
4,-0.39107452617889654,-0.35165502604550575,0.06572656584377295
5,-0.37902019240346263,-0.41499808202993904,0.07562454028369864
6,-0.3061568798083584,-0.4520609689081232,0.06949976186343693
7,-0.3293913877015666,-0.30589932207410453,0.04745866263397991
8,-0.2367527825132754,-0.28754321993659593,0.022410786030129304
9,-0.30844029605819234,-0.2834514826323947,0.04224447834858347
10,-0.35366634001006664,-0.3054462684092314,0.06508006557247947
11,-0.2834403402383483,-0.28348114494387366,0.040547886488244145
12,-0.3163754625626606,-0.2962925886848227,0.03278931374617411
13,-0.2399980782472528,-0.2264821172196928,0.02220848924943225
14,-0.2268539916750306,-0.2763561477736129,0.02654049655163576
15,-0.3624864406047641,-0.405486564477655,0.0825809221226132
16,-0.3021409120891481,-0.33398463918030014,0.04911188096832003
17,-0.23528464278517622,-0.34662454328045855,0.028888718823147475
18,-0.34519174570633193,-0.3432275201223005,0.060919465397163086
19,-0.28224513818331914,-0.3623084558691111,0.04926901297374531
20,-0.36385311541344945,-0.3317136643922107,0.057940867821760056
21,-0.2972238333743602,-0.3733974713501136,0.07245217823550154
22,-0.24455205752509107,-0.34160672294582495,0.045496602636192374
23,-0.34943476138343127,-0.3365939472634252,0.07718614370290139
24,-0.27271724846561607,-0.3407547179538736,0.05023967957071579
25,-0.36177086666499936,-0.3385200395576731,0.062471406744251945
26,-0.36967826661974423,-0.3130184966557814,0.07135331488253438
27,-0.3616730366721512,-0.3514081210470514,0.07643872847850958
28,-0.23385213390957754,-0.308721444582144,0.03492617105257784
29,-0.27673033688193616,-0.29379229397023043,0.036539643432825064
30,-0.28687070262633885,-0.2606252893896407,0.0401870653820004
31,-0.30620588152581907,-0.2651553974286599,0.051427091055952445
32,-0.29758834726185407,-0.3839436860149175,0.052495301073888834
33,-0.3715640562050948,-0.32383174140668425,0.05730861144299093
34,-0.3388441924189336,-0.3533727057126021,0.048998626081747376
35,-0.31355826008376864,-0.3628072628058719,0.06317525656079881
36,-0.43382644655181213,-0.36662201599904093,0.07116465070976422
37,-0.3243740139379872,-0.20017912005261296,0.01620912768497912
38,-0.32756143638846413,-0.2998589954729924,0.04719124107848771
39,-0.369414914487186,-0.31466622509418357,0.059624707713869296
40,-0.32071398415067814,-0.35410095999440516,0.05362028087835036
41,-0.36927296824586425,-0.4101026993724947,0.0675233912165456
42,-0.4120027753443883,-0.43499926425269975,0.0837995799681357
43,-0.3483579629733944,-0.3278873046075796,0.07261069832900852
44,-0.3180937449759911,-0.2972923276733187,0.05127756144123752
45,-0.27890809862087107,-0.3420507344453432,0.05543882875414097
46,-0.2937147092601372,-0.3044459322632031,0.028516630804796772
47,-0.3298508894932624,-0.34438037603615346,0.05410034107886802
48,-0.3016020410503681,-0.2666235860505015,0.039393667962778545
49,-0.2541120030379739,-0.322855440984926,0.04475446123213417
50,-0.27358978845377546,-0.3024476399868336,0.045034118895641795
51,-0.42782934575708365,-0.3472078775253219,0.09329157226204177
52,-0.32233766498345057,-0.4430509973339009,0.07198440753077717
53,-0.33099379144521873,-0.3363775110052397,0.06723248421612404
54,-0.25192437702431647,-0.21259090721864404,0.012582149663862813
55,-0.2813562054151719,-0.3049428766572421,0.03537078857281717
56,-0.330232501997765,-0.34205983066281825,0.05450184762110927
57,-0.35531325419775345,-0.4872607583788411,0.09758563305430062
58,-0.3343578366969764,-0.29780354033097134,0.050958461799682275
59,-0.21759227570924355,-0.3681907456790842,0.061053750058167267
60,-0.3339024668446617,-0.4215582609287329,0.06945846401911318
61,-0.2831060709392013,-0.3098139652858827,0.03136310814294191
62,-0.2541202797688895,-0.39181228559231535,0.03864097723341414
63,-0.2647083903324996,-0.3118042147671679,0.032945791278740755
64,-0.39310686134663797,-0.424984214755855,0.09031441546007352
65,-0.2850462103553647,-0.3437181339765747,0.05933331855248436
66,-0.2692926760201494,-0.2872941937844933,0.0310742432460413
67,-0.3453827826374126,-0.40484166725889237,0.06925890211271168
68,-0.34060591536710333,-0.4450482568223016,0.06635056554103153
69,-0.38190081749145166,-0.29695923161228255,0.05144179010059921
70,-0.3417788758180467,-0.2880544948270214,0.05219503230666331
71,-0.2724713439822144,-0.3312430300973566,0.05304008326613735
72,-0.3404522460545192,-0.3660843055991966,0.05785332927059855
73,-0.34566030435318124,-0.37214954357147484,0.08248565831672122
74,-0.3793580221098602,-0.3774218286754661,0.07673670110924508
75,-0.2992993501526422,-0.4140142978699984,0.06308429972904855
76,-0.33153068630371496,-0.303392137890119,0.06613333940149557
77,-0.3189540417340185,-0.3127140667738376,0.041128806220054936
78,-0.3925448066542761,-0.4085040413598046,0.06854383515842691
79,-0.30942075650609546,-0.39756658595641675,0.07039493993869284
80,-0.23984923599047486,-0.3340294487751466,0.04335546000534629
81,-0.3595312447013143,-0.36765363811489976,0.07331350995667024
82,-0.29311482638971825,-0.32171027756229437,0.03785782992436698
83,-0.41734028048267635,-0.3694324893149596,0.08374890093407267
84,-0.2902295013315253,-0.35697745196885056,0.033095274188617185
85,-0.31798925089252095,-0.3560736244621214,0.06927080259009227
86,-0.336127329377281,-0.3379108089705923,0.07058691628982011
87,-0.1943633528976255,-0.24052921479394285,0.01872832718554196
88,-0.3000429372366262,-0.35064863920904826,0.058619084577053004
89,-0.28922701748772617,-0.3760076607435848,0.06402600835350519
90,-0.2907015356548848,-0.24997723885713985,0.03220831256285561
91,-0.3018039932708684,-0.40710993714419297,0.048858335286470655
92,-0.3397983486235932,-0.3587040976774555,0.06820343924372138
93,-0.32742873197681843,-0.32909561781966,0.04450031492800427
94,-0.3437075488788277,-0.2918628928776895,0.06531427048611282
95,-0.35163579351396523,-0.369145311088768,0.08587800567245302
96,-0.32154948763776386,-0.3109969524660382,0.04333790250527997
97,-0.28363183262452696,-0.26074477749502445,0.03313168541600725
98,-0.23139026537278437,-0.27795775303981185,0.015544045130130912
99,-0.351331746389679,-0.2956289309949346,0.055025867789782745
100,-0.36564941902625314,-0.27596990872591387,0.04899350651644263
101,-0.36149707467485004,-0.42165385912940495,0.08588028177492674
102,-0.3069952149303117,-0.3287960392752221,0.043969204885459356
103,-0.27602330655716556,-0.3526202796577126,0.06010879320044765
104,-0.2911058534571812,-0.25004681506956894,0.019628920782920833
105,-0.30629481135877856,-0.34564745223022586,0.032729316364454364
106,-0.315051284670949,-0.3414347137901974,0.07756345628974576
107,-0.352835720532349,-0.36339956107210347,0.06483263440812503
108,-0.32346756288095896,-0.31459801096058104,0.0564213083202518
109,-0.3890791033139588,-0.39198150495005957,0.06735421380086218
110,-0.32468807925539783,-0.38416145244739647,0.06488468790127588
111,-0.296609802526296,-0.35330777705391947,0.04680407089004929
112,-0.3581590831927475,-0.3470503180621648,0.06955205503315681
113,-0.38357160905938414,-0.41452950795544935,0.07079598263212761
114,-0.32368448442115116,-0.42154243981305,0.0715063346404568
115,-0.4049691724435972,-0.30003999824048677,0.06924469163350089
116,-0.33642777433078563,-0.28579472746414114,0.04342140223312449
117,-0.32546318229938176,-0.3463936119696975,0.05308507701970372
118,-0.33730963290322263,-0.37275602445160777,0.06766567238967089
119,-0.2633892189262887,-0.37067771792946813,0.0557424524262608
120,-0.27251007109929914,-0.42723484786427357,0.05773030777631899
121,-0.3174552716413062,-0.3137927759983495,0.05157703723526741
122,-0.28203977184999457,-0.41517952814631215,0.07511345945128972
123,-0.3131593831512076,-0.2849851503151767,0.04755634761744382
124,-0.317885220637147,-0.3461024091603188,0.054031921648421494
125,-0.2795142023523293,-0.3479264681499932,0.07004264846595937
126,-0.3127341338639509,-0.30720762525748174,0.04043918960341342
127,-0.3219173835503321,-0.42086661002830295,0.07494155155352145
128,-0.2858860948732873,-0.37362143768438855,0.05543330126503815
129,-0.3156904472990255,-0.42742204541614176,0.0772601817822482
130,-0.3975667745022682,-0.37535583858512767,0.07445733105440411
131,-0.401835597475146,-0.4030527662916274,0.1007855825964451
132,-0.29879945524200324,-0.4506468064946812,0.08018337335586612
133,-0.33612182319823336,-0.3976798117431629,0.08104421928402783
134,-0.40336451424273045,-0.2882988049166689,0.046288401936025014
135,-0.3432913573608727,-0.33809055104696417,0.06571943436560485
136,-0.3018839718267734,-0.34574125687242246,0.057636413011028786
137,-0.4581405926162019,-0.3770938294463441,0.10685420343996727
138,-0.3754568212621282,-0.3015745921170878,0.06241346446745888
139,-0.28326941120819316,-0.3762031156725956,0.07299066431050821
140,-0.32385375865651383,-0.3710707172860915,0.0530260485455451
141,-0.2502292501016148,-0.3705949129696902,0.03948801111513944
142,-0.2601926695576575,-0.30919187831717015,0.027760430994220375
143,-0.2628658040938298,-0.27557882048347593,0.017650591826517792
144,-0.3248258263743898,-0.3436566609980692,0.04629435074035648
145,-0.37284975307347507,-0.42554143017258156,0.0933340778141954
146,-0.27405475849906524,-0.3380943006218595,0.05829496813907925
147,-0.3454221661743101,-0.27313592814530596,0.05620429055845094
148,-0.3613156847902742,-0.31388217721364875,0.06426619272627404
149,-0.26014245194856633,-0.291039913673614,0.03525110801482623
150,-0.3059912826228135,-0.3030257286334402,0.04865988384904091
151,-0.3737957844759998,-0.3280960620953427,0.049670189725198044
152,-0.31547499075088614,-0.287747972606908,0.05724340909605796
153,-0.35695429480577023,-0.35799831712055763,0.07162872212569765
154,-0.3093680672654723,-0.37522501058545316,0.03825610624246234
155,-0.3985950593430969,-0.38065359234129564,0.06885036409317341
156,-0.32518198009252086,-0.30465074091239697,0.041879745223608766
157,-0.260094409915832,-0.35692276608248125,0.04700340086178911
158,-0.2587797327246961,-0.3697770511493083,0.05713263413348968
159,-0.3469688663353714,-0.3134311782826523,0.058798210761406955
160,-0.32865140244132773,-0.35061344828176577,0.0633801594103055
161,-0.31164413054738804,-0.33140504226249623,0.05421721909940824
162,-0.2261418600423046,-0.36619179791782325,0.03773187217621421
163,-0.2680612114883429,-0.3596990755233508,0.05954149411899767
164,-0.2781385862635075,-0.3870922318648891,0.05851188693816406
165,-0.3208701690851707,-0.35763578417186387,0.07647718186500474
166,-0.22310496239681668,-0.2661207631680957,0.02318761814527981
167,-0.33974127611794147,-0.30222235415652404,0.05293950048886975
168,-0.33803403842528423,-0.32440961945454894,0.06164203900576942
169,-0.33555381806646134,-0.2774897666320849,0.04048594417227469
170,-0.3033105226963857,-0.2764344683362745,0.038303001073600795
171,-0.35892705477629405,-0.39109157953921186,0.07784208463665615
172,-0.3447217975497897,-0.3522910079370778,0.04527263848667806
173,-0.37616628349397296,-0.3409324497015689,0.08920826120125191
174,-0.32605437819796657,-0.3472623414657997,0.07159562905557032
175,-0.35888712864094074,-0.30439923126141394,0.05822075878091065
176,-0.35375181459317495,-0.30691505605448766,0.04564904870353598
177,-0.3525816707351896,-0.3868340290019733,0.07135400151240512
178,-0.24779847760279863,-0.34438474400945346,0.049626530753232645
179,-0.2911855746847144,-0.36358401761186226,0.07261323792970747
180,-0.31649217353885234,-0.3472572661189105,0.06376004841130284
181,-0.4199594560866078,-0.4380836653805808,0.10720846913851678
182,-0.30985264549134295,-0.22551579053924709,0.026074817491264002
183,-0.24559423238088768,-0.27921444561789754,0.029400191276367338
184,-0.22549548051815715,-0.3321778308749145,0.03810902150415968
185,-0.31739605465087634,-0.3053611317262983,0.056546109790973687
186,-0.3700707095029842,-0.3474174663528279,0.06295940468704947
187,-0.21697508326176707,-0.2587502172910794,0.019680909606203556
188,-0.37111355321237127,-0.3059650516307628,0.05232027199225847
189,-0.2814840631728603,-0.3594811083593557,0.0559196974146684
190,-0.3123912622256757,-0.40306030603060294,0.07773469277440959
191,-0.35920090651437053,-0.34679264637213636,0.08456831148848476
192,-0.3310206385115755,-0.4324131754577037,0.0902993703336048
193,-0.26185918673239095,-0.34708472927746814,0.03881621311276684
194,-0.3614193985839755,-0.3656920780439882,0.07586240764670243
195,-0.340749757345236,-0.35988093597635434,0.06095891895394984
196,-0.3456271269454245,-0.39133275962331876,0.07423505405473657
197,-0.30732313854171833,-0.39028380209344105,0.07551586273885152
198,-0.3856118906418682,-0.3861303185849946,0.0859555842931633
199,-0.356653426519846,-0.28628190823427935,0.05590958925646433
200,-0.26516678244449243,-0.3241401414943083,0.026257189223666377
201,-0.3483808030583756,-0.2593062279250492,0.06044200118068538
202,-0.4050364959166166,-0.38248742198366736,0.08997582964714523
203,-0.32330402911368006,-0.3183885537971008,0.03387618547706245
204,-0.32444799304623784,-0.31683601619045304,0.04960566557150087
205,-0.2980154527558778,-0.2950406077330281,0.034922381637117916
206,-0.2871487083468398,-0.25870129476246184,0.03603483072642327
207,-0.35252777309752337,-0.258580510886009,0.04244332829863262
208,-0.28576098444768455,-0.3435451957445466,0.04377575636800479
209,-0.33893577054273927,-0.3610586224273242,0.060892152822198786
210,-0.39866811499175253,-0.30944365075587243,0.07486919126076297
211,-0.2964185587275855,-0.3851127447238632,0.06312348587908945
212,-0.3671427612796304,-0.29593334869601673,0.05290687111513526
213,-0.4165878324118084,-0.3986477149444636,0.0782375946578037
214,-0.2673446667825833,-0.4026751778757407,0.0636519123645845
215,-0.3300972339506631,-0.4661879052107943,0.061287281190079534
216,-0.3409837649945906,-0.299553174803509,0.048483341235896205
217,-0.29480017869778574,-0.3816068780800196,0.08020361217783062
218,-0.34702817341432957,-0.45621925123398555,0.07511770050415062
219,-0.3156611304950143,-0.302430066416175,0.047633608007057016
220,-0.33329679381553834,-0.3013767020710829,0.03540357975762132
221,-0.4065387084116636,-0.42612398789482125,0.08572049284454947
222,-0.38655112204969533,-0.3565483653387433,0.07522524932029662
223,-0.32359415700819805,-0.3690327508815865,0.06632340827552391
224,-0.32844159749729823,-0.4236910873386535,0.08048931368933043
225,-0.42799770140786336,-0.3605701903601495,0.07231780501598772
226,-0.26132993839312413,-0.3623101686976745,0.04852195393842057
227,-0.29081663821018705,-0.36940790958988967,0.03811108722105533
228,-0.39058419903920505,-0.328397023836224,0.06282583502611139
229,-0.2167373304126975,-0.3505744698648151,0.04070532999560411
230,-0.3623359809584581,-0.3337640531751189,0.07182191392618487
231,-0.3133440647335814,-0.3128826133017312,0.05459690775846754
232,-0.3396134209789968,-0.4642979329258323,0.08422783191588656
233,-0.25145069520301466,-0.29049037848082865,0.028415134256686514
234,-0.33688619972925504,-0.30969082952759003,0.05466492725824135
235,-0.34957447374044387,-0.32432409120853867,0.06763246070842943
236,-0.29232558091064303,-0.433849526468771,0.08512079252160204
237,-0.36650475230500995,-0.35479503464799517,0.07021226333839811
238,-0.24085071889531462,-0.26730717204055726,0.018833327647955256
239,-0.21184410237359472,-0.40271818464487713,0.04805851739120853
240,-0.29667136987965703,-0.30426663047914615,0.040107263287322115
241,-0.29215854993704343,-0.2728168181722104,0.04709110430952673
242,-0.19036866266141572,-0.26137930884763955,0.024073867087313627
243,-0.25465546497328756,-0.3263623971064674,0.040047740735530635
244,-0.42419744525584496,-0.36601742972474677,0.0739065666762879
245,-0.34336153921989626,-0.3622513168693824,0.0801548463244372
246,-0.2496608321199297,-0.3063015715545476,0.03313346012023766
247,-0.3308662916385497,-0.3376435966941054,0.06125203962006881
248,-0.3387899287605278,-0.3605398016370777,0.06964531301001431
249,-0.28659258751635475,-0.33960843209675456,0.04153622086821207
250,-0.30570916270551973,-0.33594051321580415,0.058026327399307354
251,-0.22322419025875873,-0.321434259153323,0.030645944974028616
252,-0.23942459879315497,-0.29767802837248,0.022210613414010205
253,-0.36752631201309804,-0.4360271536480625,0.0818826529954372
254,-0.3854528106144874,-0.3385336840068821,0.07032108647760554
255,-0.23050869562370788,-0.22320038018884547,0.01870263115488302
256,-0.3089128130577743,-0.3741341987652438,0.0649579782644733
257,-0.28481511355748323,-0.27387271381443323,0.02576787199211189
258,-0.3200493481092912,-0.39344121996697173,0.08512268428556236
259,-0.36439017006768515,-0.38811525045769574,0.07146311005827655
260,-0.23018058287937118,-0.3762031587364073,0.04417851292237379
261,-0.3115429288758877,-0.32162177483613164,0.04841170483842039
262,-0.41951139017256395,-0.42933686437960994,0.10915619205266552
263,-0.29812303211346686,-0.31996340185146277,0.04873667541008375
264,-0.30634723116529466,-0.4236451361808453,0.06875490216839714
265,-0.28534717903557993,-0.3535998967544725,0.043046377339246544
266,-0.2732564914231299,-0.3061341370525047,0.04131035050860915
267,-0.34581894805423485,-0.4094894325589115,0.07853479321643997
268,-0.2836385597174155,-0.33351632038163603,0.054575776767538664
269,-0.3694882033390766,-0.29217762596302843,0.08220279191401009
270,-0.23199647550183647,-0.4127974743238931,0.054184870431263354
271,-0.3225657457919714,-0.2938460890409217,0.053244794232541914
272,-0.36352014893068924,-0.30864637376689796,0.04415968244054763
273,-0.2111687052907258,-0.3779847710238408,0.03917122991090238
274,-0.24709587696309213,-0.3720507907023507,0.036527867467267494
275,-0.3102480199010084,-0.29627306357325545,0.055029281402449004
276,-0.2871813426255604,-0.3610368094706529,0.06007946103162681
277,-0.30107268183812014,-0.33954662326703056,0.06459219224935503
278,-0.364693428891819,-0.36722534114969413,0.06718985996691001
279,-0.14340379936520475,-0.3378033661938043,0.0032404792864141885
280,-0.36430252587716117,-0.2732859181360583,0.048615736237621776
281,-0.3412212150041945,-0.3358778343926995,0.053450960984791435
282,-0.32934286813540453,-0.3693029619097463,0.06500025326463832
283,-0.37286294469341796,-0.39724497809280584,0.07924179684534916
284,-0.28889329582734385,-0.2925666360294116,0.03308474340096795
285,-0.2390339736018574,-0.29189192746029524,0.041576487122823136
286,-0.23204169063418412,-0.4457815210575404,0.06152882915042468
287,-0.25203942468110374,-0.3295117363804253,0.058291790542721544
288,-0.3807696676156714,-0.3142778279023636,0.06757014565921804
289,-0.342015930369686,-0.29660366678273836,0.048187052746948844
290,-0.34618017539887874,-0.3514708744649917,0.07248179024010909
291,-0.29921891061103467,-0.38626028752629776,0.0397288739361219
292,-0.3569412430388816,-0.3194716788592026,0.05729669208828225
293,-0.3466416352675269,-0.277729475536757,0.04702878205760064
294,-0.2909845540583157,-0.3526150954468097,0.054946419908449284
295,-0.33927563180131803,-0.31717769009247293,0.05334234447025954
296,-0.3375602310316143,-0.326651468126715,0.030031460795262283
297,-0.3704596540473683,-0.3007824742282138,0.06945113878484133
298,-0.36093700819195795,-0.35548879437006486,0.06522437030592099
299,-0.3229475135825609,-0.28092063226661745,0.042576967483125394
300,-0.27873682953505313,-0.38091410980691137,0.0572835344562207
301,-0.3625477834496008,-0.31936916351529165,0.0789334109416539
302,-0.374790659691082,-0.2543999726039189,0.03291195618815618
303,-0.2785439917822071,-0.23272078743531466,0.023566180138793025
304,-0.4143170584288882,-0.4930000364517419,0.11761124651294314
305,-0.28479587430777636,-0.27919288411795334,0.02892498674598093
306,-0.3470497545362692,-0.3729580037053427,0.07051567996844521
307,-0.34733083586831426,-0.34519855238560143,0.03576463004476654
308,-0.375404047886077,-0.3428112255927575,0.09407576093482856
309,-0.322577108260234,-0.3145748455059683,0.04522422329923653
310,-0.2559541772980236,-0.4073434908016575,0.047421087656199234
311,-0.43077747477359424,-0.308347619680867,0.08640972222626375
312,-0.3458738536549878,-0.37012349493044794,0.09557542424946336
313,-0.3606063850066444,-0.28762525830985997,0.04692536066016759
314,-0.30133881288454795,-0.3956893746276087,0.03742461838662697
315,-0.2907062099557038,-0.33234299683593654,0.06701462758174248
316,-0.3012695954277188,-0.3855718295789845,0.06003369859011737
317,-0.32232554940363844,-0.34782531485506846,0.05729748341721802
318,-0.3481168457129378,-0.37730658798433747,0.07483157869915419
319,-0.26813904530789506,-0.278881590560764,0.038425970723516556
320,-0.18927282448396401,-0.4073652173297133,0.03390480561697956
321,-0.40477748512763234,-0.40244355419644595,0.08597048086813919
322,-0.31044204110511797,-0.26236258218052655,0.04571631599752707
323,-0.3041257863630652,-0.38638602610387046,0.06215277123537477
324,-0.3756737389047796,-0.3239203625562498,0.05539003348914251
325,-0.3043516255019801,-0.3792595565067476,0.06139666141047384
326,-0.3321632751144083,-0.32707101681763057,0.05631497029581989
327,-0.3071736977422361,-0.19940235736700196,0.02401587750528339
328,-0.275450909382532,-0.39972876731438955,0.057668430064464093
329,-0.38321229510935784,-0.2534335653806771,0.05043993606392094
330,-0.23980862716895238,-0.31704974164359606,0.03902072312520238
331,-0.26138256004883176,-0.33035649014980456,0.024324200222035797
332,-0.32872734261495445,-0.40981658230227347,0.0709487075354287
333,-0.30262673487526187,-0.2970712970893209,0.04096371726215603
334,-0.3749937036855902,-0.32522161332423627,0.0534641995805436
335,-0.39504158079173557,-0.36771275057916075,0.0633093682587742
336,-0.268755491585853,-0.28604276557299946,0.03675955713701301
337,-0.26884730359751247,-0.3102217067333639,0.03347234047065406
338,-0.3741201546676517,-0.37504380053908354,0.07023638100811425
339,-0.29811310020682547,-0.40661773677050567,0.0416632261739423
340,-0.30914809221500006,-0.3376165008454912,0.06511882159407612
341,-0.3309157602164513,-0.3684388627998686,0.06086519502622528
342,-0.2632467644418419,-0.25876294214962886,0.03271069203844568
343,-0.3640532639588142,-0.384621344044254,0.06579072170443706
344,-0.37013192331745326,-0.28421800179460976,0.04286185671115711
345,-0.2758247934359602,-0.37534083607181806,0.05457942152943274
346,-0.33677439727531755,-0.4023552939423482,0.04696961853010867
347,-0.33041373531452545,-0.39809701074566195,0.0614648485694399
348,-0.3575570101372666,-0.27088144270392034,0.05202968570947275
349,-0.3790857752829534,-0.30465454975045825,0.06120479861139411
350,-0.2722562053863642,-0.2820601251925007,0.02749011831888104
351,-0.4081614210189393,-0.3645761489011782,0.08588755262820835
352,-0.3108616175140637,-0.3576642088648207,0.06778457817026373
353,-0.3774242167680254,-0.38480641862191606,0.07943192768212459
354,-0.2813004661545614,-0.3169522416878168,0.042224215884897
355,-0.3111397745964928,-0.28039017345843453,0.04324729054279958
356,-0.36985417313507557,-0.36425314653017105,0.0860117775503183
357,-0.280364236870443,-0.24990904848901863,0.028730674504620496
358,-0.30886055547823477,-0.37947800005810933,0.05689276486064254
359,-0.29738736013424,-0.3064461581178284,0.03686834477487955
360,-0.3548107779923446,-0.25811299335028054,0.05183855722081565
361,-0.2908636764941498,-0.30974012440287396,0.04029739669853205
362,-0.3752972362328978,-0.4344748034673812,0.07320512625329531
363,-0.35199200163239086,-0.3792178359349319,0.08063468619824954
364,-0.3084286092247356,-0.3652875987078245,0.06239573942518284
365,-0.2558600879092571,-0.31401024631148144,0.04883950067832599
366,-0.38037640157825636,-0.38347393431385546,0.09906475502930928
367,-0.3394373811268007,-0.3517613655817793,0.06746095797951462
368,-0.3499667419445436,-0.3656247970505033,0.06125497806321567
369,-0.3323805030855025,-0.1970901076661029,0.0257831098080738
370,-0.3270618632384035,-0.41457840138491336,0.06038048192750334
371,-0.303655548637514,-0.42410844266583314,0.062251078882594624
372,-0.2813237929672592,-0.27755521552901324,0.02795852007377797
373,-0.2659914465024733,-0.45766901055539955,0.060003572854645054
374,-0.1911522256344215,-0.27197506079560985,0.012285135663394231
375,-0.33338071667681957,-0.3536785197065574,0.04854306188012786
376,-0.32921250842392547,-0.35338237119612165,0.05947223985364708
377,-0.24988060007721036,-0.26695334232446627,0.016673883739609485
378,-0.22588193570817766,-0.30021879892900816,0.022535642230944564
379,-0.35525229605658015,-0.3976421945218447,0.07536621087648698
380,-0.36829408882629944,-0.41821091323446563,0.07812873786528546
381,-0.3107151092919702,-0.36045042385392584,0.05648954176213605
382,-0.33031910870492676,-0.38773246181081805,0.07533852384757822
383,-0.35062077214029985,-0.36116541871734537,0.0597910881467682
384,-0.42131522767312723,-0.30121776870158945,0.07950673750291021
385,-0.3240074325182071,-0.36072043023281214,0.056885582705907045
386,-0.37763733949228573,-0.31871922461165647,0.06436262071224275
387,-0.3700915816791494,-0.38676147391712834,0.0573255314204929
388,-0.3164914970729162,-0.3191891969725909,0.06908311504808151
389,-0.4046065832019627,-0.3740034350566408,0.0772706766246063
390,-0.29244488738188,-0.36469440099686584,0.04580180734289718
391,-0.29187345740737597,-0.31735577973100654,0.04242815607196243
392,-0.3375006547857968,-0.3850549773026797,0.06110235290437141
393,-0.3189541950351129,-0.34404810422924187,0.04313880247622037
394,-0.32704482407412777,-0.3181921124196754,0.06204599978251685
395,-0.280493483586495,-0.36925807718791087,0.050604400109668934
396,-0.22844409246017072,-0.30563549303328036,0.050232047975177385
397,-0.35956949979332065,-0.3040520207976317,0.04263636959533987
398,-0.265142004766398,-0.3132349589562912,0.0409237954453035
399,-0.24525720576985977,-0.3333847821747771,0.041968839772268784
400,-0.3209507637135459,-0.3100540755712415,0.058087290757220245
